{
    "loss": 1.7369,
    "grad_norm": 0.5749006271362305,
    "learning_rate": 0.0002,
    "epoch": 0.04594004823705065,
    "step": 13,
    "eval": {
        "runtime": 185.8058,
        "samples_per_second": 36.102,
        "steps_per_second": 4.515
    }
}
