step	epoch
0	0.004594004823705065
1	0.00918800964741013
2	0.00918800964741013
3	0.013782014471115194
4	0.01837601929482026
5	0.01837601929482026
6	0.022970024118525324
7	0.02756402894223039
8	0.02756402894223039
9	0.032158033765935456
10	0.03675203858964052
11	0.03675203858964052
12	0.041346043413345586
13	0.04594004823705065
