step	epoch
0	0.04640371229698376
1	0.09280742459396751
2	0.09280742459396751
3	0.13921113689095127
4	0.18561484918793503
5	0.18561484918793503
6	0.23201856148491878
7	0.27842227378190254
8	0.27842227378190254
9	0.3248259860788863
10	0.37122969837587005
11	0.37122969837587005
12	0.4176334106728538
13	0.46403712296983757
14	0.46403712296983757
15	0.46403712296983757
