step	grad_norm
0	0.6720523834228516
1	1.2296142578125
3	0.6523957848548889
4	0.4906427562236786
6	0.432178795337677
7	0.9873438477516174
9	0.38556551933288574
10	0.3148937225341797
12	0.2419893890619278
13	0.3368781805038452
15	0.24888235330581665
16	0.3010832965373993
18	0.2549678087234497
19	0.4046362340450287
21	0.2828958034515381
