step	grad_norm
0	0.6677312850952148
1	0.9446564316749573
3	0.9000424742698669
4	0.41168150305747986
6	0.32549673318862915
7	0.3910721242427826
9	0.4252530634403229
10	0.32565802335739136
12	0.3271304666996002
13	0.3356211185455322
