step	grad_norm
0	0.4331602454185486
1	0.438149094581604
3	0.3750569522380829
4	0.43304064869880676
6	0.4440769553184509
7	0.5239744782447815
9	0.5248344540596008
10	0.7109600305557251
12	0.5680325031280518
13	0.5749006271362305
